17,-13,xhBIrHMMec08TScO6EdhiCqwDsU=,JHGldch3LVbFPhV/6qcYlkZlE80=
17,-12,xhBIrHMMec08TScO6EdhiCqwDsU=,ITiDD4F3y/nKCQvH9Ukk9EIpkX4=
16,-12,xhBIrHMMec08TScO6EdhiCqwDsU=,ITiDD4F3y/nKCQvH9Ukk9EIpkX4=
16,-13,xhBIrHMMec08TScO6EdhiCqwDsU=,JHGldch3LVbFPhV/6qcYlkZlE80=
17,-10,xhBIrHMMec08TScO6EdhiCqwDsU=,X6689UcwLQq3WCffssZK1r/STlw=
17,-11,xhBIrHMMec08TScO6EdhiCqwDsU=,ITiDD4F3y/nKCQvH9Ukk9EIpkX4=
17,-5,xhBIrHMMec08TScO6EdhiCqwDsU=,tUluvHo10wfOVKJ5QoY1OKtnYlk=
17,-4,xhBIrHMMec08TScO6EdhiCqwDsU=,IC0TiDgDsPG4qrx73P9mL9q5tCU=
17,-3,xhBIrHMMec08TScO6EdhiCqwDsU=,IC0TiDgDsPG4qrx73P9mL9q5tCU=
17,-2,xhBIrHMMec08TScO6EdhiCqwDsU=,OwsNPgs7P2pgYUidZicRVSfaDd4=
16,-3,xhBIrHMMec08TScO6EdhiCqwDsU=,IC0TiDgDsPG4qrx73P9mL9q5tCU=
16,-2,xhBIrHMMec08TScO6EdhiCqwDsU=,OwsNPgs7P2pgYUidZicRVSfaDd4=
16,-1,xhBIrHMMec08TScO6EdhiCqwDsU=,OwsNPgs7P2pgYUidZicRVSfaDd4=
16,-5,xhBIrHMMec08TScO6EdhiCqwDsU=,tUluvHo10wfOVKJ5QoY1OKtnYlk=
17,-14,xhBIrHMMec08TScO6EdhiCqwDsU=,JHGldch3LVbFPhV/6qcYlkZlE80=
17,-15,xhBIrHMMec08TScO6EdhiCqwDsU=,53BdBBEYKz4e4wfzzUB62X23ViE=
16,-7,xhBIrHMMec08TScO6EdhiCqwDsU=,jgNR8NsmcwBrbye0etSwEgAsRSo=
16,-4,xhBIrHMMec08TScO6EdhiCqwDsU=,IC0TiDgDsPG4qrx73P9mL9q5tCU=
16,-6,xhBIrHMMec08TScO6EdhiCqwDsU=,tUluvHo10wfOVKJ5QoY1OKtnYlk=
17,-16,xhBIrHMMec08TScO6EdhiCqwDsU=,53BdBBEYKz4e4wfzzUB62X23ViE=
17,-1,xhBIrHMMec08TScO6EdhiCqwDsU=,OwsNPgs7P2pgYUidZicRVSfaDd4=
17,-9,xhBIrHMMec08TScO6EdhiCqwDsU=,X6689UcwLQq3WCffssZK1r/STlw=
17,-7,xhBIrHMMec08TScO6EdhiCqwDsU=,jgNR8NsmcwBrbye0etSwEgAsRSo=
17,-6,xhBIrHMMec08TScO6EdhiCqwDsU=,tUluvHo10wfOVKJ5QoY1OKtnYlk=
17,-8,xhBIrHMMec08TScO6EdhiCqwDsU=,jgNR8NsmcwBrbye0etSwEgAsRSo=
16,-11,xhBIrHMMec08TScO6EdhiCqwDsU=,ITiDD4F3y/nKCQvH9Ukk9EIpkX4=
16,-10,xhBIrHMMec08TScO6EdhiCqwDsU=,X6689UcwLQq3WCffssZK1r/STlw=
16,-8,xhBIrHMMec08TScO6EdhiCqwDsU=,jgNR8NsmcwBrbye0etSwEgAsRSo=
16,-14,xhBIrHMMec08TScO6EdhiCqwDsU=,JHGldch3LVbFPhV/6qcYlkZlE80=
16,-15,xhBIrHMMec08TScO6EdhiCqwDsU=,53BdBBEYKz4e4wfzzUB62X23ViE=
16,-9,xhBIrHMMec08TScO6EdhiCqwDsU=,X6689UcwLQq3WCffssZK1r/STlw=
16,-16,xhBIrHMMec08TScO6EdhiCqwDsU=,53BdBBEYKz4e4wfzzUB62X23ViE=
17,-18,yHpWvkdHpehMvZg/TtNX1JLrvvY=,jBTErTqqYh7N1P0HfF4TiABLmTc=
17,-17,yHpWvkdHpehMvZg/TtNX1JLrvvY=,jBTErTqqYh7N1P0HfF4TiABLmTc=
16,-18,yHpWvkdHpehMvZg/TtNX1JLrvvY=,jBTErTqqYh7N1P0HfF4TiABLmTc=
16,-17,yHpWvkdHpehMvZg/TtNX1JLrvvY=,jBTErTqqYh7N1P0HfF4TiABLmTc=
8,-17,yHpWvkdHpehMvZg/TtNX1JLrvvY=,c60FfbVkeMHg/z7LnxsvKGFG58M=
7,-17,yHpWvkdHpehMvZg/TtNX1JLrvvY=,T8+bKYIMpQ4n9B5JLtQmQqj4QpY=
9,-17,yHpWvkdHpehMvZg/TtNX1JLrvvY=,c60FfbVkeMHg/z7LnxsvKGFG58M=
10,-17,yHpWvkdHpehMvZg/TtNX1JLrvvY=,CTEQtU3LlOCPYAadZcvCoSKydiE=
2,-18,yHpWvkdHpehMvZg/TtNX1JLrvvY=,Y4baXSRM+L9LkOy3rCIGRk8TP3c=
1,-18,yHpWvkdHpehMvZg/TtNX1JLrvvY=,ro+ZtoW6k1d1aKo/aPVBQ5qJlKU=
6,-17,yHpWvkdHpehMvZg/TtNX1JLrvvY=,T8+bKYIMpQ4n9B5JLtQmQqj4QpY=
0,-18,yHpWvkdHpehMvZg/TtNX1JLrvvY=,ro+ZtoW6k1d1aKo/aPVBQ5qJlKU=
3,-17,yHpWvkdHpehMvZg/TtNX1JLrvvY=,Y4baXSRM+L9LkOy3rCIGRk8TP3c=
5,-17,yHpWvkdHpehMvZg/TtNX1JLrvvY=,d2ePnKtLzOFmGLfGk/n1lJVoeds=
4,-17,yHpWvkdHpehMvZg/TtNX1JLrvvY=,d2ePnKtLzOFmGLfGk/n1lJVoeds=
1,-17,yHpWvkdHpehMvZg/TtNX1JLrvvY=,ro+ZtoW6k1d1aKo/aPVBQ5qJlKU=
0,-17,yHpWvkdHpehMvZg/TtNX1JLrvvY=,ro+ZtoW6k1d1aKo/aPVBQ5qJlKU=
2,-17,yHpWvkdHpehMvZg/TtNX1JLrvvY=,Y4baXSRM+L9LkOy3rCIGRk8TP3c=
11,-18,yHpWvkdHpehMvZg/TtNX1JLrvvY=,CTEQtU3LlOCPYAadZcvCoSKydiE=
12,-18,yHpWvkdHpehMvZg/TtNX1JLrvvY=,Q8W0/D10KbjlkgFrK/rtDIiFtTg=
11,-17,yHpWvkdHpehMvZg/TtNX1JLrvvY=,CTEQtU3LlOCPYAadZcvCoSKydiE=
12,-17,yHpWvkdHpehMvZg/TtNX1JLrvvY=,Q8W0/D10KbjlkgFrK/rtDIiFtTg=
4,-18,yHpWvkdHpehMvZg/TtNX1JLrvvY=,d2ePnKtLzOFmGLfGk/n1lJVoeds=
3,-18,yHpWvkdHpehMvZg/TtNX1JLrvvY=,Y4baXSRM+L9LkOy3rCIGRk8TP3c=
5,-18,yHpWvkdHpehMvZg/TtNX1JLrvvY=,d2ePnKtLzOFmGLfGk/n1lJVoeds=
10,-18,yHpWvkdHpehMvZg/TtNX1JLrvvY=,CTEQtU3LlOCPYAadZcvCoSKydiE=
6,-18,yHpWvkdHpehMvZg/TtNX1JLrvvY=,T8+bKYIMpQ4n9B5JLtQmQqj4QpY=
8,-18,yHpWvkdHpehMvZg/TtNX1JLrvvY=,c60FfbVkeMHg/z7LnxsvKGFG58M=
7,-18,yHpWvkdHpehMvZg/TtNX1JLrvvY=,T8+bKYIMpQ4n9B5JLtQmQqj4QpY=
14,-18,yHpWvkdHpehMvZg/TtNX1JLrvvY=,Koq5izuKOWdeXwVidyhdZoi8mI4=
15,-18,yHpWvkdHpehMvZg/TtNX1JLrvvY=,Koq5izuKOWdeXwVidyhdZoi8mI4=
9,-18,yHpWvkdHpehMvZg/TtNX1JLrvvY=,c60FfbVkeMHg/z7LnxsvKGFG58M=
13,-17,yHpWvkdHpehMvZg/TtNX1JLrvvY=,Q8W0/D10KbjlkgFrK/rtDIiFtTg=
13,-18,yHpWvkdHpehMvZg/TtNX1JLrvvY=,Q8W0/D10KbjlkgFrK/rtDIiFtTg=
15,-17,yHpWvkdHpehMvZg/TtNX1JLrvvY=,Koq5izuKOWdeXwVidyhdZoi8mI4=
14,-17,yHpWvkdHpehMvZg/TtNX1JLrvvY=,Koq5izuKOWdeXwVidyhdZoi8mI4=
1,-3,UIxRP667X8d6wCji7UmevBg2ibo=,0I4RHKnQPnZANyTz8AZhCOsCo1U=
2,-3,UIxRP667X8d6wCji7UmevBg2ibo=,6pvmM5miJI9RUSSNCibthWD6GTU=
1,-2,UIxRP667X8d6wCji7UmevBg2ibo=,zlLzxOF75rV/7eQyXZ2h8kV/5QA=
2,-2,UIxRP667X8d6wCji7UmevBg2ibo=,+WXlgA81OmiwvE+O9qlPp6yy2Lw=
2,-4,UIxRP667X8d6wCji7UmevBg2ibo=,6pvmM5miJI9RUSSNCibthWD6GTU=
2,-5,UIxRP667X8d6wCji7UmevBg2ibo=,GD0DRN0Y+42ceoML5kj3a+FXp6o=
1,-4,UIxRP667X8d6wCji7UmevBg2ibo=,0I4RHKnQPnZANyTz8AZhCOsCo1U=
1,-5,UIxRP667X8d6wCji7UmevBg2ibo=,Ibbf1jieeh03rEFs+PH2iK2G5lg=
6,-6,UIxRP667X8d6wCji7UmevBg2ibo=,2WyBRYe6MxNJaK+p46eCJhvGB5g=
6,-7,UIxRP667X8d6wCji7UmevBg2ibo=,6VX0bU1eqgFflwnZH4k2tSEWc84=
5,-6,UIxRP667X8d6wCji7UmevBg2ibo=,B+OluwGOpTP43RPUJ0wzbaPrUTQ=
8,-7,UIxRP667X8d6wCji7UmevBg2ibo=,yWRaihzjYtQm7sfi/GG+eM8487U=
7,-7,UIxRP667X8d6wCji7UmevBg2ibo=,6VX0bU1eqgFflwnZH4k2tSEWc84=
7,-6,UIxRP667X8d6wCji7UmevBg2ibo=,2WyBRYe6MxNJaK+p46eCJhvGB5g=
8,-6,UIxRP667X8d6wCji7UmevBg2ibo=,dRrs253NGls2kOTRTUefktfZmQ4=
5,-7,UIxRP667X8d6wCji7UmevBg2ibo=,AbC38ZcczHxzFgBKqcNk5t8Hvq8=
3,-5,1IvnIvYdx7a9JZL3myL/QxBOFL4=,GD0DRN0Y+42ceoML5kj3a+FXp6o=
4,-4,1IvnIvYdx7a9JZL3myL/QxBOFL4=,lzdR7+uAFsdO0AW3ueV2qfQrfDI=
3,-4,1IvnIvYdx7a9JZL3myL/QxBOFL4=,6pvmM5miJI9RUSSNCibthWD6GTU=
7,-5,1IvnIvYdx7a9JZL3myL/QxBOFL4=,2WyBRYe6MxNJaK+p46eCJhvGB5g=
5,-5,1IvnIvYdx7a9JZL3myL/QxBOFL4=,B+OluwGOpTP43RPUJ0wzbaPrUTQ=
6,-5,1IvnIvYdx7a9JZL3myL/QxBOFL4=,2WyBRYe6MxNJaK+p46eCJhvGB5g=
6,-4,1IvnIvYdx7a9JZL3myL/QxBOFL4=,cA26RFQbICp5TS9JNXRE0VI8/So=
4,-5,1IvnIvYdx7a9JZL3myL/QxBOFL4=,B+OluwGOpTP43RPUJ0wzbaPrUTQ=
8,-5,1IvnIvYdx7a9JZL3myL/QxBOFL4=,dRrs253NGls2kOTRTUefktfZmQ4=
5,-4,1IvnIvYdx7a9JZL3myL/QxBOFL4=,lzdR7+uAFsdO0AW3ueV2qfQrfDI=
7,-4,1IvnIvYdx7a9JZL3myL/QxBOFL4=,cA26RFQbICp5TS9JNXRE0VI8/So=
8,-4,1IvnIvYdx7a9JZL3myL/QxBOFL4=,OJMBbWjP5neBvclEftOVHLgtGXo=
4,-3,1IvnIvYdx7a9JZL3myL/QxBOFL4=,lzdR7+uAFsdO0AW3ueV2qfQrfDI=
4,-2,1IvnIvYdx7a9JZL3myL/QxBOFL4=,XmiMQuZf8/PFg6flLj+bBF0L7mo=
3,-2,1IvnIvYdx7a9JZL3myL/QxBOFL4=,+WXlgA81OmiwvE+O9qlPp6yy2Lw=
3,-3,1IvnIvYdx7a9JZL3myL/QxBOFL4=,6pvmM5miJI9RUSSNCibthWD6GTU=
5,-3,1IvnIvYdx7a9JZL3myL/QxBOFL4=,lzdR7+uAFsdO0AW3ueV2qfQrfDI=
8,-3,1IvnIvYdx7a9JZL3myL/QxBOFL4=,OJMBbWjP5neBvclEftOVHLgtGXo=
7,-3,1IvnIvYdx7a9JZL3myL/QxBOFL4=,cA26RFQbICp5TS9JNXRE0VI8/So=
6,-3,1IvnIvYdx7a9JZL3myL/QxBOFL4=,cA26RFQbICp5TS9JNXRE0VI8/So=
8,-2,1IvnIvYdx7a9JZL3myL/QxBOFL4=,hINhusAZD39g3qnkheRQ7XwAeHk=
5,-2,1IvnIvYdx7a9JZL3myL/QxBOFL4=,XmiMQuZf8/PFg6flLj+bBF0L7mo=
7,-2,1IvnIvYdx7a9JZL3myL/QxBOFL4=,FnrvyLPl4NwI8qUtHjvH48eutGk=
6,-2,1IvnIvYdx7a9JZL3myL/QxBOFL4=,FnrvyLPl4NwI8qUtHjvH48eutGk=
10,-3,1IvnIvYdx7a9JZL3myL/QxBOFL4=,BCZWXnUFF4K/0GZUH2I7Q4pLkHM=
9,-3,1IvnIvYdx7a9JZL3myL/QxBOFL4=,OJMBbWjP5neBvclEftOVHLgtGXo=
10,-2,1IvnIvYdx7a9JZL3myL/QxBOFL4=,X4s5PpxOITicn5AkcDsCGaNGnyU=
9,-2,1IvnIvYdx7a9JZL3myL/QxBOFL4=,hINhusAZD39g3qnkheRQ7XwAeHk=
9,-5,1IvnIvYdx7a9JZL3myL/QxBOFL4=,dRrs253NGls2kOTRTUefktfZmQ4=
12,-3,1IvnIvYdx7a9JZL3myL/QxBOFL4=,lP2j2GO8uiKLq6fGwbnswZyHCGA=
11,-5,1IvnIvYdx7a9JZL3myL/QxBOFL4=,iTxtvv6hycqqxmSQXhiOEOPJF2g=
10,-4,1IvnIvYdx7a9JZL3myL/QxBOFL4=,BCZWXnUFF4K/0GZUH2I7Q4pLkHM=
12,-4,1IvnIvYdx7a9JZL3myL/QxBOFL4=,lP2j2GO8uiKLq6fGwbnswZyHCGA=
10,-5,1IvnIvYdx7a9JZL3myL/QxBOFL4=,iTxtvv6hycqqxmSQXhiOEOPJF2g=
11,-4,1IvnIvYdx7a9JZL3myL/QxBOFL4=,BCZWXnUFF4K/0GZUH2I7Q4pLkHM=
9,-4,1IvnIvYdx7a9JZL3myL/QxBOFL4=,OJMBbWjP5neBvclEftOVHLgtGXo=
12,-2,1IvnIvYdx7a9JZL3myL/QxBOFL4=,ZEGCw9pwWqT/71lulF4q2aZdrto=
12,-5,1IvnIvYdx7a9JZL3myL/QxBOFL4=,EfRZ+mWSiZYbC5XYbNSEnuULNX8=
11,-2,1IvnIvYdx7a9JZL3myL/QxBOFL4=,X4s5PpxOITicn5AkcDsCGaNGnyU=
11,-3,1IvnIvYdx7a9JZL3myL/QxBOFL4=,BCZWXnUFF4K/0GZUH2I7Q4pLkHM=
10,-6,9jNN6Fqcjcq37xwHo8BZp/bsGZI=,iTxtvv6hycqqxmSQXhiOEOPJF2g=
9,-6,9jNN6Fqcjcq37xwHo8BZp/bsGZI=,dRrs253NGls2kOTRTUefktfZmQ4=
10,-7,9jNN6Fqcjcq37xwHo8BZp/bsGZI=,LQMRhzjFVAotEltNkjjtgyqsRA8=
9,-7,9jNN6Fqcjcq37xwHo8BZp/bsGZI=,yWRaihzjYtQm7sfi/GG+eM8487U=
11,-7,9jNN6Fqcjcq37xwHo8BZp/bsGZI=,LQMRhzjFVAotEltNkjjtgyqsRA8=
12,-6,9jNN6Fqcjcq37xwHo8BZp/bsGZI=,EfRZ+mWSiZYbC5XYbNSEnuULNX8=
11,-6,9jNN6Fqcjcq37xwHo8BZp/bsGZI=,iTxtvv6hycqqxmSQXhiOEOPJF2g=
12,-7,9jNN6Fqcjcq37xwHo8BZp/bsGZI=,6vJaQOTC3j0TN5T18Yc/5X4kGrI=
11,-9,9jNN6Fqcjcq37xwHo8BZp/bsGZI=,+k7TLprmVFBCxHgW32jLlixzntE=
12,-9,9jNN6Fqcjcq37xwHo8BZp/bsGZI=,8p5scMK0xZ4p4zn4a7lzWEvesnA=
11,-8,9jNN6Fqcjcq37xwHo8BZp/bsGZI=,LQMRhzjFVAotEltNkjjtgyqsRA8=
12,-8,9jNN6Fqcjcq37xwHo8BZp/bsGZI=,6vJaQOTC3j0TN5T18Yc/5X4kGrI=
13,-10,9jNN6Fqcjcq37xwHo8BZp/bsGZI=,8p5scMK0xZ4p4zn4a7lzWEvesnA=
14,-10,9jNN6Fqcjcq37xwHo8BZp/bsGZI=,ef/nz21oFujkhyJeSwnhRZz9Xq0=
13,-9,9jNN6Fqcjcq37xwHo8BZp/bsGZI=,8p5scMK0xZ4p4zn4a7lzWEvesnA=
14,-8,9jNN6Fqcjcq37xwHo8BZp/bsGZI=,O69oDS31GrCWa63uyOVs1kTg/D4=
14,-11,9jNN6Fqcjcq37xwHo8BZp/bsGZI=,1nhOTN9zVBmZINxEXFo3ZVQPN7A=
14,-9,9jNN6Fqcjcq37xwHo8BZp/bsGZI=,ef/nz21oFujkhyJeSwnhRZz9Xq0=
13,-11,9jNN6Fqcjcq37xwHo8BZp/bsGZI=,UlK6BUBkSBhPCIzn5iSeOpl4EIM=
13,-8,9jNN6Fqcjcq37xwHo8BZp/bsGZI=,6vJaQOTC3j0TN5T18Yc/5X4kGrI=
12,-11,iPe9a+Rj8zJg/64NNpIdqT62vHI=,UlK6BUBkSBhPCIzn5iSeOpl4EIM=
11,-10,iPe9a+Rj8zJg/64NNpIdqT62vHI=,+k7TLprmVFBCxHgW32jLlixzntE=
12,-10,iPe9a+Rj8zJg/64NNpIdqT62vHI=,8p5scMK0xZ4p4zn4a7lzWEvesnA=
11,-11,iPe9a+Rj8zJg/64NNpIdqT62vHI=,gocBFfJEy8lbiuYYX/KfGFgsFA4=
12,-12,iPe9a+Rj8zJg/64NNpIdqT62vHI=,UlK6BUBkSBhPCIzn5iSeOpl4EIM=
12,-13,iPe9a+Rj8zJg/64NNpIdqT62vHI=,0CcdCyQZD1X+Ql89o6rkkfJyFKA=
11,-13,iPe9a+Rj8zJg/64NNpIdqT62vHI=,zNu4q28Nq7saE7dGiA35sg17Uq8=
11,-12,iPe9a+Rj8zJg/64NNpIdqT62vHI=,gocBFfJEy8lbiuYYX/KfGFgsFA4=
13,-13,iPe9a+Rj8zJg/64NNpIdqT62vHI=,0CcdCyQZD1X+Ql89o6rkkfJyFKA=
14,-13,iPe9a+Rj8zJg/64NNpIdqT62vHI=,qw5tGgxaJwkDSlb0pt/I+W3FQmw=
13,-12,iPe9a+Rj8zJg/64NNpIdqT62vHI=,UlK6BUBkSBhPCIzn5iSeOpl4EIM=
14,-12,iPe9a+Rj8zJg/64NNpIdqT62vHI=,1nhOTN9zVBmZINxEXFo3ZVQPN7A=
12,-14,iPe9a+Rj8zJg/64NNpIdqT62vHI=,0CcdCyQZD1X+Ql89o6rkkfJyFKA=
12,-15,iPe9a+Rj8zJg/64NNpIdqT62vHI=,RreMNnf/FzoCEsm9dAtG4YoH3sk=
11,-14,iPe9a+Rj8zJg/64NNpIdqT62vHI=,zNu4q28Nq7saE7dGiA35sg17Uq8=
11,-15,iPe9a+Rj8zJg/64NNpIdqT62vHI=,zxIZIC/juBAM4EbwpBiss9S67n8=
14,-15,iPe9a+Rj8zJg/64NNpIdqT62vHI=,VQ2mNjHpL1V+SN4nd1FuPyGAos0=
13,-15,iPe9a+Rj8zJg/64NNpIdqT62vHI=,RreMNnf/FzoCEsm9dAtG4YoH3sk=
14,-14,iPe9a+Rj8zJg/64NNpIdqT62vHI=,qw5tGgxaJwkDSlb0pt/I+W3FQmw=
13,-14,iPe9a+Rj8zJg/64NNpIdqT62vHI=,0CcdCyQZD1X+Ql89o6rkkfJyFKA=
9,-15,iPe9a+Rj8zJg/64NNpIdqT62vHI=,clESJVXWTUPsezE3GbvNwzC03fA=
9,-14,iPe9a+Rj8zJg/64NNpIdqT62vHI=,4cIfTo2+DN6YZbXngB6/C/tnsls=
10,-15,iPe9a+Rj8zJg/64NNpIdqT62vHI=,zxIZIC/juBAM4EbwpBiss9S67n8=
10,-14,iPe9a+Rj8zJg/64NNpIdqT62vHI=,zNu4q28Nq7saE7dGiA35sg17Uq8=
7,-14,iPe9a+Rj8zJg/64NNpIdqT62vHI=,m8cF3HOGkrAdzhnHQ2MbWwX1x9E=
8,-15,iPe9a+Rj8zJg/64NNpIdqT62vHI=,clESJVXWTUPsezE3GbvNwzC03fA=
7,-15,iPe9a+Rj8zJg/64NNpIdqT62vHI=,pLAzU19go0h5Zsle5r1VBnFZy20=
8,-14,iPe9a+Rj8zJg/64NNpIdqT62vHI=,4cIfTo2+DN6YZbXngB6/C/tnsls=
6,-14,arNmZW4L1FWbnIKXQhonPj1rYoQ=,m8cF3HOGkrAdzhnHQ2MbWwX1x9E=
5,-14,arNmZW4L1FWbnIKXQhonPj1rYoQ=,qM42WwCJ3rzxzFOdSPD+CpEae3w=
5,-15,arNmZW4L1FWbnIKXQhonPj1rYoQ=,kBrS3LeW/I5dIFWGUDNJLle2jcg=
6,-15,arNmZW4L1FWbnIKXQhonPj1rYoQ=,pLAzU19go0h5Zsle5r1VBnFZy20=
5,-12,arNmZW4L1FWbnIKXQhonPj1rYoQ=,7BrBC/Y2QfOLwewR/Iol6KqXftI=
5,-13,arNmZW4L1FWbnIKXQhonPj1rYoQ=,qM42WwCJ3rzxzFOdSPD+CpEae3w=
6,-12,arNmZW4L1FWbnIKXQhonPj1rYoQ=,DCnjhZMnrLH7xX8VBASMLNNLsp4=
6,-13,arNmZW4L1FWbnIKXQhonPj1rYoQ=,m8cF3HOGkrAdzhnHQ2MbWwX1x9E=
3,-13,arNmZW4L1FWbnIKXQhonPj1rYoQ=,s5frqp1/pt1l5g0S7INqdNA1h30=
4,-13,arNmZW4L1FWbnIKXQhonPj1rYoQ=,qM42WwCJ3rzxzFOdSPD+CpEae3w=
3,-12,arNmZW4L1FWbnIKXQhonPj1rYoQ=,+KCt4Zl98v2I+WOlXBp3Gs62fPs=
4,-12,arNmZW4L1FWbnIKXQhonPj1rYoQ=,7BrBC/Y2QfOLwewR/Iol6KqXftI=
2,-12,arNmZW4L1FWbnIKXQhonPj1rYoQ=,+KCt4Zl98v2I+WOlXBp3Gs62fPs=
1,-13,arNmZW4L1FWbnIKXQhonPj1rYoQ=,Y8I/ao3ghXD5Ncg/5qSZU5fPUm4=
1,-12,arNmZW4L1FWbnIKXQhonPj1rYoQ=,37W+40DOrhybaQFXsgU5w9Oo6xo=
2,-13,arNmZW4L1FWbnIKXQhonPj1rYoQ=,s5frqp1/pt1l5g0S7INqdNA1h30=
3,-14,arNmZW4L1FWbnIKXQhonPj1rYoQ=,s5frqp1/pt1l5g0S7INqdNA1h30=
4,-15,arNmZW4L1FWbnIKXQhonPj1rYoQ=,kBrS3LeW/I5dIFWGUDNJLle2jcg=
3,-15,arNmZW4L1FWbnIKXQhonPj1rYoQ=,1a4Nljj+rEJP/g6/7DaOv7QutKo=
4,-14,arNmZW4L1FWbnIKXQhonPj1rYoQ=,qM42WwCJ3rzxzFOdSPD+CpEae3w=
2,-14,arNmZW4L1FWbnIKXQhonPj1rYoQ=,s5frqp1/pt1l5g0S7INqdNA1h30=
1,-15,arNmZW4L1FWbnIKXQhonPj1rYoQ=,FI9rOwBnyktpKIp68lSLPUv62wg=
1,-14,arNmZW4L1FWbnIKXQhonPj1rYoQ=,Y8I/ao3ghXD5Ncg/5qSZU5fPUm4=
2,-15,arNmZW4L1FWbnIKXQhonPj1rYoQ=,1a4Nljj+rEJP/g6/7DaOv7QutKo=
2,-10,arNmZW4L1FWbnIKXQhonPj1rYoQ=,+/MYo1ugQ3g6pwGQFluIiT3c9sk=
2,-11,arNmZW4L1FWbnIKXQhonPj1rYoQ=,+KCt4Zl98v2I+WOlXBp3Gs62fPs=
1,-10,arNmZW4L1FWbnIKXQhonPj1rYoQ=,44LSDHkrON6zaYzql7hYhf0OIgI=
1,-11,arNmZW4L1FWbnIKXQhonPj1rYoQ=,37W+40DOrhybaQFXsgU5w9Oo6xo=
3,-10,arNmZW4L1FWbnIKXQhonPj1rYoQ=,+/MYo1ugQ3g6pwGQFluIiT3c9sk=
4,-10,arNmZW4L1FWbnIKXQhonPj1rYoQ=,YF8tvpB1rBkcPOeNnZV9JIs1j08=
3,-11,arNmZW4L1FWbnIKXQhonPj1rYoQ=,+KCt4Zl98v2I+WOlXBp3Gs62fPs=
4,-11,arNmZW4L1FWbnIKXQhonPj1rYoQ=,7BrBC/Y2QfOLwewR/Iol6KqXftI=
10,-9,Nqqrx2pBSt6IgIPTD19UMVkKPKY=,+k7TLprmVFBCxHgW32jLlixzntE=
9,-8,Nqqrx2pBSt6IgIPTD19UMVkKPKY=,yWRaihzjYtQm7sfi/GG+eM8487U=
6,-11,Nqqrx2pBSt6IgIPTD19UMVkKPKY=,DCnjhZMnrLH7xX8VBASMLNNLsp4=
10,-8,Nqqrx2pBSt6IgIPTD19UMVkKPKY=,LQMRhzjFVAotEltNkjjtgyqsRA8=
5,-9,Nqqrx2pBSt6IgIPTD19UMVkKPKY=,YF8tvpB1rBkcPOeNnZV9JIs1j08=
5,-8,Nqqrx2pBSt6IgIPTD19UMVkKPKY=,AbC38ZcczHxzFgBKqcNk5t8Hvq8=
8,-8,Nqqrx2pBSt6IgIPTD19UMVkKPKY=,yWRaihzjYtQm7sfi/GG+eM8487U=
7,-9,Nqqrx2pBSt6IgIPTD19UMVkKPKY=,YNiE4F6UHspK6bxCNnRFtoBd0hA=
5,-10,Nqqrx2pBSt6IgIPTD19UMVkKPKY=,YF8tvpB1rBkcPOeNnZV9JIs1j08=
9,-9,Nqqrx2pBSt6IgIPTD19UMVkKPKY=,Q+NiqlpH8czrar34Ep3l7EwX7n4=
6,-10,Nqqrx2pBSt6IgIPTD19UMVkKPKY=,YNiE4F6UHspK6bxCNnRFtoBd0hA=
8,-9,Nqqrx2pBSt6IgIPTD19UMVkKPKY=,Q+NiqlpH8czrar34Ep3l7EwX7n4=
6,-9,Nqqrx2pBSt6IgIPTD19UMVkKPKY=,YNiE4F6UHspK6bxCNnRFtoBd0hA=
6,-8,Nqqrx2pBSt6IgIPTD19UMVkKPKY=,6VX0bU1eqgFflwnZH4k2tSEWc84=
5,-11,Nqqrx2pBSt6IgIPTD19UMVkKPKY=,7BrBC/Y2QfOLwewR/Iol6KqXftI=
7,-8,Nqqrx2pBSt6IgIPTD19UMVkKPKY=,6VX0bU1eqgFflwnZH4k2tSEWc84=
7,-11,Nqqrx2pBSt6IgIPTD19UMVkKPKY=,DCnjhZMnrLH7xX8VBASMLNNLsp4=
7,-12,Nqqrx2pBSt6IgIPTD19UMVkKPKY=,DCnjhZMnrLH7xX8VBASMLNNLsp4=
7,-10,Nqqrx2pBSt6IgIPTD19UMVkKPKY=,YNiE4F6UHspK6bxCNnRFtoBd0hA=
8,-12,Nqqrx2pBSt6IgIPTD19UMVkKPKY=,EW1b6wfZoZs7TO7O2i46MYx1bII=
10,-10,Nqqrx2pBSt6IgIPTD19UMVkKPKY=,+k7TLprmVFBCxHgW32jLlixzntE=
10,-11,Nqqrx2pBSt6IgIPTD19UMVkKPKY=,gocBFfJEy8lbiuYYX/KfGFgsFA4=
8,-13,Nqqrx2pBSt6IgIPTD19UMVkKPKY=,4cIfTo2+DN6YZbXngB6/C/tnsls=
8,-10,Nqqrx2pBSt6IgIPTD19UMVkKPKY=,Q+NiqlpH8czrar34Ep3l7EwX7n4=
10,-12,Nqqrx2pBSt6IgIPTD19UMVkKPKY=,gocBFfJEy8lbiuYYX/KfGFgsFA4=
9,-10,Nqqrx2pBSt6IgIPTD19UMVkKPKY=,Q+NiqlpH8czrar34Ep3l7EwX7n4=
10,-13,Nqqrx2pBSt6IgIPTD19UMVkKPKY=,zNu4q28Nq7saE7dGiA35sg17Uq8=
9,-13,Nqqrx2pBSt6IgIPTD19UMVkKPKY=,4cIfTo2+DN6YZbXngB6/C/tnsls=
3,-8,Nqqrx2pBSt6IgIPTD19UMVkKPKY=,s5KSfAIMRuajAqeqDS0Pdb3Zzso=
9,-12,Nqqrx2pBSt6IgIPTD19UMVkKPKY=,EW1b6wfZoZs7TO7O2i46MYx1bII=
9,-11,Nqqrx2pBSt6IgIPTD19UMVkKPKY=,EW1b6wfZoZs7TO7O2i46MYx1bII=
8,-11,Nqqrx2pBSt6IgIPTD19UMVkKPKY=,EW1b6wfZoZs7TO7O2i46MYx1bII=
7,-13,Nqqrx2pBSt6IgIPTD19UMVkKPKY=,m8cF3HOGkrAdzhnHQ2MbWwX1x9E=
3,-7,Nqqrx2pBSt6IgIPTD19UMVkKPKY=,s5KSfAIMRuajAqeqDS0Pdb3Zzso=
4,-6,Nqqrx2pBSt6IgIPTD19UMVkKPKY=,B+OluwGOpTP43RPUJ0wzbaPrUTQ=
4,-8,Nqqrx2pBSt6IgIPTD19UMVkKPKY=,AbC38ZcczHxzFgBKqcNk5t8Hvq8=
3,-9,Nqqrx2pBSt6IgIPTD19UMVkKPKY=,+/MYo1ugQ3g6pwGQFluIiT3c9sk=
4,-9,Nqqrx2pBSt6IgIPTD19UMVkKPKY=,YF8tvpB1rBkcPOeNnZV9JIs1j08=
3,-6,Nqqrx2pBSt6IgIPTD19UMVkKPKY=,GD0DRN0Y+42ceoML5kj3a+FXp6o=
4,-7,Nqqrx2pBSt6IgIPTD19UMVkKPKY=,AbC38ZcczHxzFgBKqcNk5t8Hvq8=
0,-4,Nqqrx2pBSt6IgIPTD19UMVkKPKY=,0I4RHKnQPnZANyTz8AZhCOsCo1U=
0,-5,Nqqrx2pBSt6IgIPTD19UMVkKPKY=,Ibbf1jieeh03rEFs+PH2iK2G5lg=
0,-2,Nqqrx2pBSt6IgIPTD19UMVkKPKY=,zlLzxOF75rV/7eQyXZ2h8kV/5QA=
0,-3,Nqqrx2pBSt6IgIPTD19UMVkKPKY=,0I4RHKnQPnZANyTz8AZhCOsCo1U=
0,-10,Nqqrx2pBSt6IgIPTD19UMVkKPKY=,44LSDHkrON6zaYzql7hYhf0OIgI=
0,-11,Nqqrx2pBSt6IgIPTD19UMVkKPKY=,37W+40DOrhybaQFXsgU5w9Oo6xo=
0,-12,Nqqrx2pBSt6IgIPTD19UMVkKPKY=,37W+40DOrhybaQFXsgU5w9Oo6xo=
0,-13,Nqqrx2pBSt6IgIPTD19UMVkKPKY=,Y8I/ao3ghXD5Ncg/5qSZU5fPUm4=
0,-15,Nqqrx2pBSt6IgIPTD19UMVkKPKY=,FI9rOwBnyktpKIp68lSLPUv62wg=
0,-14,Nqqrx2pBSt6IgIPTD19UMVkKPKY=,Y8I/ao3ghXD5Ncg/5qSZU5fPUm4=
2,-16,Nqqrx2pBSt6IgIPTD19UMVkKPKY=,1a4Nljj+rEJP/g6/7DaOv7QutKo=
1,-16,Nqqrx2pBSt6IgIPTD19UMVkKPKY=,FI9rOwBnyktpKIp68lSLPUv62wg=
3,-16,Nqqrx2pBSt6IgIPTD19UMVkKPKY=,1a4Nljj+rEJP/g6/7DaOv7QutKo=
4,-16,Nqqrx2pBSt6IgIPTD19UMVkKPKY=,kBrS3LeW/I5dIFWGUDNJLle2jcg=
6,-16,Nqqrx2pBSt6IgIPTD19UMVkKPKY=,pLAzU19go0h5Zsle5r1VBnFZy20=
5,-16,Nqqrx2pBSt6IgIPTD19UMVkKPKY=,kBrS3LeW/I5dIFWGUDNJLle2jcg=
7,-16,Nqqrx2pBSt6IgIPTD19UMVkKPKY=,pLAzU19go0h5Zsle5r1VBnFZy20=
8,-16,Nqqrx2pBSt6IgIPTD19UMVkKPKY=,clESJVXWTUPsezE3GbvNwzC03fA=
10,-16,Nqqrx2pBSt6IgIPTD19UMVkKPKY=,zxIZIC/juBAM4EbwpBiss9S67n8=
12,-16,Nqqrx2pBSt6IgIPTD19UMVkKPKY=,RreMNnf/FzoCEsm9dAtG4YoH3sk=
13,-16,Nqqrx2pBSt6IgIPTD19UMVkKPKY=,RreMNnf/FzoCEsm9dAtG4YoH3sk=
9,-16,Nqqrx2pBSt6IgIPTD19UMVkKPKY=,clESJVXWTUPsezE3GbvNwzC03fA=
14,-16,Nqqrx2pBSt6IgIPTD19UMVkKPKY=,VQ2mNjHpL1V+SN4nd1FuPyGAos0=
11,-16,Nqqrx2pBSt6IgIPTD19UMVkKPKY=,zxIZIC/juBAM4EbwpBiss9S67n8=
15,-15,Nqqrx2pBSt6IgIPTD19UMVkKPKY=,VQ2mNjHpL1V+SN4nd1FuPyGAos0=
15,-14,Nqqrx2pBSt6IgIPTD19UMVkKPKY=,qw5tGgxaJwkDSlb0pt/I+W3FQmw=
15,-12,Nqqrx2pBSt6IgIPTD19UMVkKPKY=,1nhOTN9zVBmZINxEXFo3ZVQPN7A=
15,-13,Nqqrx2pBSt6IgIPTD19UMVkKPKY=,qw5tGgxaJwkDSlb0pt/I+W3FQmw=
15,-11,Nqqrx2pBSt6IgIPTD19UMVkKPKY=,1nhOTN9zVBmZINxEXFo3ZVQPN7A=
15,-10,Nqqrx2pBSt6IgIPTD19UMVkKPKY=,ef/nz21oFujkhyJeSwnhRZz9Xq0=
15,-8,Nqqrx2pBSt6IgIPTD19UMVkKPKY=,O69oDS31GrCWa63uyOVs1kTg/D4=
15,-9,Nqqrx2pBSt6IgIPTD19UMVkKPKY=,ef/nz21oFujkhyJeSwnhRZz9Xq0=
2,-7,Nqqrx2pBSt6IgIPTD19UMVkKPKY=,s5KSfAIMRuajAqeqDS0Pdb3Zzso=
2,-8,Nqqrx2pBSt6IgIPTD19UMVkKPKY=,s5KSfAIMRuajAqeqDS0Pdb3Zzso=
2,-9,Nqqrx2pBSt6IgIPTD19UMVkKPKY=,+/MYo1ugQ3g6pwGQFluIiT3c9sk=
2,-6,Nqqrx2pBSt6IgIPTD19UMVkKPKY=,GD0DRN0Y+42ceoML5kj3a+FXp6o=
1,-7,Nqqrx2pBSt6IgIPTD19UMVkKPKY=,Yii1qtDvFFQY0B9rrTrMmqyEaBo=
1,-9,Nqqrx2pBSt6IgIPTD19UMVkKPKY=,44LSDHkrON6zaYzql7hYhf0OIgI=
0,-9,Nqqrx2pBSt6IgIPTD19UMVkKPKY=,44LSDHkrON6zaYzql7hYhf0OIgI=
1,-6,Nqqrx2pBSt6IgIPTD19UMVkKPKY=,Ibbf1jieeh03rEFs+PH2iK2G5lg=
0,-7,Nqqrx2pBSt6IgIPTD19UMVkKPKY=,Yii1qtDvFFQY0B9rrTrMmqyEaBo=
1,-8,Nqqrx2pBSt6IgIPTD19UMVkKPKY=,Yii1qtDvFFQY0B9rrTrMmqyEaBo=
0,-6,Nqqrx2pBSt6IgIPTD19UMVkKPKY=,Ibbf1jieeh03rEFs+PH2iK2G5lg=
0,-8,Nqqrx2pBSt6IgIPTD19UMVkKPKY=,Yii1qtDvFFQY0B9rrTrMmqyEaBo=
12,-1,Nqqrx2pBSt6IgIPTD19UMVkKPKY=,ZEGCw9pwWqT/71lulF4q2aZdrto=
11,-1,Nqqrx2pBSt6IgIPTD19UMVkKPKY=,X4s5PpxOITicn5AkcDsCGaNGnyU=
14,-7,Nqqrx2pBSt6IgIPTD19UMVkKPKY=,O69oDS31GrCWa63uyOVs1kTg/D4=
15,-6,Nqqrx2pBSt6IgIPTD19UMVkKPKY=,6M+10RSk1okBXG5EEztjKbNhaJo=
14,-6,Nqqrx2pBSt6IgIPTD19UMVkKPKY=,6M+10RSk1okBXG5EEztjKbNhaJo=
13,-7,Nqqrx2pBSt6IgIPTD19UMVkKPKY=,6vJaQOTC3j0TN5T18Yc/5X4kGrI=
15,-7,Nqqrx2pBSt6IgIPTD19UMVkKPKY=,O69oDS31GrCWa63uyOVs1kTg/D4=
10,-1,Nqqrx2pBSt6IgIPTD19UMVkKPKY=,X4s5PpxOITicn5AkcDsCGaNGnyU=
9,-1,Nqqrx2pBSt6IgIPTD19UMVkKPKY=,hINhusAZD39g3qnkheRQ7XwAeHk=
14,-5,Nqqrx2pBSt6IgIPTD19UMVkKPKY=,6M+10RSk1okBXG5EEztjKbNhaJo=
13,-6,Nqqrx2pBSt6IgIPTD19UMVkKPKY=,EfRZ+mWSiZYbC5XYbNSEnuULNX8=
13,-1,Nqqrx2pBSt6IgIPTD19UMVkKPKY=,ZEGCw9pwWqT/71lulF4q2aZdrto=
13,-3,Nqqrx2pBSt6IgIPTD19UMVkKPKY=,lP2j2GO8uiKLq6fGwbnswZyHCGA=
13,-4,Nqqrx2pBSt6IgIPTD19UMVkKPKY=,lP2j2GO8uiKLq6fGwbnswZyHCGA=
15,-5,Nqqrx2pBSt6IgIPTD19UMVkKPKY=,6M+10RSk1okBXG5EEztjKbNhaJo=
13,-2,Nqqrx2pBSt6IgIPTD19UMVkKPKY=,ZEGCw9pwWqT/71lulF4q2aZdrto=
14,-3,Nqqrx2pBSt6IgIPTD19UMVkKPKY=,11C/mZgqb/fPxZeY1MhC57SKXmA=
13,-5,Nqqrx2pBSt6IgIPTD19UMVkKPKY=,EfRZ+mWSiZYbC5XYbNSEnuULNX8=
15,-4,Nqqrx2pBSt6IgIPTD19UMVkKPKY=,11C/mZgqb/fPxZeY1MhC57SKXmA=
14,-4,Nqqrx2pBSt6IgIPTD19UMVkKPKY=,11C/mZgqb/fPxZeY1MhC57SKXmA=
14,-1,Nqqrx2pBSt6IgIPTD19UMVkKPKY=,7iA5CtDKPqU7sOfp1UJG/fPR8y0=
15,-3,Nqqrx2pBSt6IgIPTD19UMVkKPKY=,11C/mZgqb/fPxZeY1MhC57SKXmA=
15,-2,Nqqrx2pBSt6IgIPTD19UMVkKPKY=,7iA5CtDKPqU7sOfp1UJG/fPR8y0=
14,-2,Nqqrx2pBSt6IgIPTD19UMVkKPKY=,7iA5CtDKPqU7sOfp1UJG/fPR8y0=
0,-16,Nqqrx2pBSt6IgIPTD19UMVkKPKY=,FI9rOwBnyktpKIp68lSLPUv62wg=
15,-1,Nqqrx2pBSt6IgIPTD19UMVkKPKY=,7iA5CtDKPqU7sOfp1UJG/fPR8y0=
4,-1,Nqqrx2pBSt6IgIPTD19UMVkKPKY=,XmiMQuZf8/PFg6flLj+bBF0L7mo=
15,-16,Nqqrx2pBSt6IgIPTD19UMVkKPKY=,VQ2mNjHpL1V+SN4nd1FuPyGAos0=
2,-1,Nqqrx2pBSt6IgIPTD19UMVkKPKY=,+WXlgA81OmiwvE+O9qlPp6yy2Lw=
3,-1,Nqqrx2pBSt6IgIPTD19UMVkKPKY=,+WXlgA81OmiwvE+O9qlPp6yy2Lw=
1,-1,Nqqrx2pBSt6IgIPTD19UMVkKPKY=,zlLzxOF75rV/7eQyXZ2h8kV/5QA=
0,-1,Nqqrx2pBSt6IgIPTD19UMVkKPKY=,zlLzxOF75rV/7eQyXZ2h8kV/5QA=
8,-1,Nqqrx2pBSt6IgIPTD19UMVkKPKY=,hINhusAZD39g3qnkheRQ7XwAeHk=
6,-1,Nqqrx2pBSt6IgIPTD19UMVkKPKY=,FnrvyLPl4NwI8qUtHjvH48eutGk=
7,-1,Nqqrx2pBSt6IgIPTD19UMVkKPKY=,FnrvyLPl4NwI8qUtHjvH48eutGk=
5,-1,Nqqrx2pBSt6IgIPTD19UMVkKPKY=,XmiMQuZf8/PFg6flLj+bBF0L7mo=
