1,1,ZxksjA8SDzu4QK4uM7wnRIuKgrQ=,5jsQ7ZE0NqgM+KqUZ3JcrgW/ymk=
2,1,ZxksjA8SDzu4QK4uM7wnRIuKgrQ=,Svmm6nKvuDqMOq74OQeDjBQL4Co=
1,2,ZxksjA8SDzu4QK4uM7wnRIuKgrQ=,TtVNckNC5OpHFzKHHlHLtFRhMuQ=
2,2,ZxksjA8SDzu4QK4uM7wnRIuKgrQ=,Buq4hmypSXsKXURrfKhf3S/qpzs=
2,5,YHja6k5O6cFbQc2R8aOs9N1MRt4=,0KsgexSC1HONpzRWIUUeG6BkW/w=
1,3,YHja6k5O6cFbQc2R8aOs9N1MRt4=,TtVNckNC5OpHFzKHHlHLtFRhMuQ=
2,4,YHja6k5O6cFbQc2R8aOs9N1MRt4=,0KsgexSC1HONpzRWIUUeG6BkW/w=
1,5,YHja6k5O6cFbQc2R8aOs9N1MRt4=,NIiXmVYju5bZpHIXS+4ETJX9+f8=
2,3,YHja6k5O6cFbQc2R8aOs9N1MRt4=,Buq4hmypSXsKXURrfKhf3S/qpzs=
1,4,YHja6k5O6cFbQc2R8aOs9N1MRt4=,NIiXmVYju5bZpHIXS+4ETJX9+f8=
1,6,YHja6k5O6cFbQc2R8aOs9N1MRt4=,eIqJHdliQuBVQz9hhb6sUZxRo8Y=
2,6,YHja6k5O6cFbQc2R8aOs9N1MRt4=,zZ5PLPT6KX9eC+be82YiAOTrIN8=
1,7,YHja6k5O6cFbQc2R8aOs9N1MRt4=,eIqJHdliQuBVQz9hhb6sUZxRo8Y=
1,8,YHja6k5O6cFbQc2R8aOs9N1MRt4=,p8FH7r3X50eEglz/wHyUFWrvtfI=
2,7,YHja6k5O6cFbQc2R8aOs9N1MRt4=,zZ5PLPT6KX9eC+be82YiAOTrIN8=
2,9,YHja6k5O6cFbQc2R8aOs9N1MRt4=,/VUD/L73qTDlNhdK7bCCfYYAguY=
2,10,YHja6k5O6cFbQc2R8aOs9N1MRt4=,mWEZ8eFVjhIwyyIi0qdA6vKwtkQ=
1,9,YHja6k5O6cFbQc2R8aOs9N1MRt4=,p8FH7r3X50eEglz/wHyUFWrvtfI=
2,8,YHja6k5O6cFbQc2R8aOs9N1MRt4=,/VUD/L73qTDlNhdK7bCCfYYAguY=
1,10,YHja6k5O6cFbQc2R8aOs9N1MRt4=,3I/qHaT+/XzAI/X0qqPAhcwU32k=
1,12,0QXTB0SIAoM4Sah9Ziqg3jiKaVg=,tjLwMFMNoTwhreIngHXtDNIXW/8=
2,11,0QXTB0SIAoM4Sah9Ziqg3jiKaVg=,mWEZ8eFVjhIwyyIi0qdA6vKwtkQ=
2,12,0QXTB0SIAoM4Sah9Ziqg3jiKaVg=,vIhCpnv0aoTjYSoPBLmXf0Lmv04=
1,11,0QXTB0SIAoM4Sah9Ziqg3jiKaVg=,3I/qHaT+/XzAI/X0qqPAhcwU32k=
2,14,0QXTB0SIAoM4Sah9Ziqg3jiKaVg=,wKg0WOr2yLk9TWF9CCNzBqv2w0g=
1,13,0QXTB0SIAoM4Sah9Ziqg3jiKaVg=,tjLwMFMNoTwhreIngHXtDNIXW/8=
1,14,0QXTB0SIAoM4Sah9Ziqg3jiKaVg=,xyuaMoJKuROCbgbr2G/gsiEYG1I=
2,13,0QXTB0SIAoM4Sah9Ziqg3jiKaVg=,vIhCpnv0aoTjYSoPBLmXf0Lmv04=
3,14,0QXTB0SIAoM4Sah9Ziqg3jiKaVg=,wKg0WOr2yLk9TWF9CCNzBqv2w0g=
4,11,0QXTB0SIAoM4Sah9Ziqg3jiKaVg=,fExFSvnOU76VMb8ivm2A1XvJFg0=
3,11,0QXTB0SIAoM4Sah9Ziqg3jiKaVg=,mWEZ8eFVjhIwyyIi0qdA6vKwtkQ=
4,10,0QXTB0SIAoM4Sah9Ziqg3jiKaVg=,fExFSvnOU76VMb8ivm2A1XvJFg0=
3,12,0QXTB0SIAoM4Sah9Ziqg3jiKaVg=,vIhCpnv0aoTjYSoPBLmXf0Lmv04=
3,13,0QXTB0SIAoM4Sah9Ziqg3jiKaVg=,vIhCpnv0aoTjYSoPBLmXf0Lmv04=
4,14,0QXTB0SIAoM4Sah9Ziqg3jiKaVg=,m6ZEXkC6HEllBBGpRugMoXOSPa8=
4,12,0QXTB0SIAoM4Sah9Ziqg3jiKaVg=,epa+meuKoinia4MpZXeqWSxk510=
4,13,0QXTB0SIAoM4Sah9Ziqg3jiKaVg=,epa+meuKoinia4MpZXeqWSxk510=
4,9,0QXTB0SIAoM4Sah9Ziqg3jiKaVg=,0buokJCB63DXKId6TwxadM+TYJo=
3,9,0QXTB0SIAoM4Sah9Ziqg3jiKaVg=,/VUD/L73qTDlNhdK7bCCfYYAguY=
3,10,0QXTB0SIAoM4Sah9Ziqg3jiKaVg=,mWEZ8eFVjhIwyyIi0qdA6vKwtkQ=
4,8,0QXTB0SIAoM4Sah9Ziqg3jiKaVg=,0buokJCB63DXKId6TwxadM+TYJo=
3,7,0QXTB0SIAoM4Sah9Ziqg3jiKaVg=,zZ5PLPT6KX9eC+be82YiAOTrIN8=
3,8,0QXTB0SIAoM4Sah9Ziqg3jiKaVg=,/VUD/L73qTDlNhdK7bCCfYYAguY=
4,7,0QXTB0SIAoM4Sah9Ziqg3jiKaVg=,8egRZhjOm9z94V/gqkDGfELI1KU=
4,6,0QXTB0SIAoM4Sah9Ziqg3jiKaVg=,8egRZhjOm9z94V/gqkDGfELI1KU=
3,6,0QXTB0SIAoM4Sah9Ziqg3jiKaVg=,zZ5PLPT6KX9eC+be82YiAOTrIN8=
4,5,0QXTB0SIAoM4Sah9Ziqg3jiKaVg=,FpZsXj5Pr1HLPmhGoBjxUiVVCQo=
3,5,0QXTB0SIAoM4Sah9Ziqg3jiKaVg=,0KsgexSC1HONpzRWIUUeG6BkW/w=
4,3,0QXTB0SIAoM4Sah9Ziqg3jiKaVg=,u2xqZAKc9hVhK+qE9SOwTHIhcE0=
3,2,0QXTB0SIAoM4Sah9Ziqg3jiKaVg=,Buq4hmypSXsKXURrfKhf3S/qpzs=
3,1,0QXTB0SIAoM4Sah9Ziqg3jiKaVg=,Svmm6nKvuDqMOq74OQeDjBQL4Co=
4,4,0QXTB0SIAoM4Sah9Ziqg3jiKaVg=,FpZsXj5Pr1HLPmhGoBjxUiVVCQo=
3,3,0QXTB0SIAoM4Sah9Ziqg3jiKaVg=,Buq4hmypSXsKXURrfKhf3S/qpzs=
3,4,0QXTB0SIAoM4Sah9Ziqg3jiKaVg=,0KsgexSC1HONpzRWIUUeG6BkW/w=
4,1,0QXTB0SIAoM4Sah9Ziqg3jiKaVg=,de5ZW0QaPdOO+3CaK5YkIwUhoK0=
4,2,0QXTB0SIAoM4Sah9Ziqg3jiKaVg=,u2xqZAKc9hVhK+qE9SOwTHIhcE0=
6,3,yT4fsN+drsthoPS2yI/1BsCzcVY=,GcpwCachibDQ8IvNP6pp2S/4lHo=
6,4,yT4fsN+drsthoPS2yI/1BsCzcVY=,+HwFilP0Ml+pJVSy93GKEeEAy5A=
5,4,yT4fsN+drsthoPS2yI/1BsCzcVY=,FpZsXj5Pr1HLPmhGoBjxUiVVCQo=
5,3,yT4fsN+drsthoPS2yI/1BsCzcVY=,u2xqZAKc9hVhK+qE9SOwTHIhcE0=
5,1,yT4fsN+drsthoPS2yI/1BsCzcVY=,de5ZW0QaPdOO+3CaK5YkIwUhoK0=
6,1,yT4fsN+drsthoPS2yI/1BsCzcVY=,ZLJvm1MrM8u9UDgP52CvEXQU0EA=
5,2,yT4fsN+drsthoPS2yI/1BsCzcVY=,u2xqZAKc9hVhK+qE9SOwTHIhcE0=
6,2,yT4fsN+drsthoPS2yI/1BsCzcVY=,GcpwCachibDQ8IvNP6pp2S/4lHo=
6,5,yT4fsN+drsthoPS2yI/1BsCzcVY=,+HwFilP0Ml+pJVSy93GKEeEAy5A=
5,5,yT4fsN+drsthoPS2yI/1BsCzcVY=,FpZsXj5Pr1HLPmhGoBjxUiVVCQo=
5,6,yT4fsN+drsthoPS2yI/1BsCzcVY=,8egRZhjOm9z94V/gqkDGfELI1KU=
6,6,yT4fsN+drsthoPS2yI/1BsCzcVY=,VeNGyxfadlpwTl2oVFUEivyVMkU=
6,8,yT4fsN+drsthoPS2yI/1BsCzcVY=,1Vc/d4sSWC8ooL38etlr6wLU06k=
5,7,yT4fsN+drsthoPS2yI/1BsCzcVY=,8egRZhjOm9z94V/gqkDGfELI1KU=
6,7,yT4fsN+drsthoPS2yI/1BsCzcVY=,VeNGyxfadlpwTl2oVFUEivyVMkU=
5,8,yT4fsN+drsthoPS2yI/1BsCzcVY=,0buokJCB63DXKId6TwxadM+TYJo=
5,10,yT4fsN+drsthoPS2yI/1BsCzcVY=,fExFSvnOU76VMb8ivm2A1XvJFg0=
5,9,yT4fsN+drsthoPS2yI/1BsCzcVY=,0buokJCB63DXKId6TwxadM+TYJo=
6,9,yT4fsN+drsthoPS2yI/1BsCzcVY=,1Vc/d4sSWC8ooL38etlr6wLU06k=
6,10,yT4fsN+drsthoPS2yI/1BsCzcVY=,JmaXFGH5Ydv7UVxlqWPaQ6za3Dk=
6,11,yT4fsN+drsthoPS2yI/1BsCzcVY=,JmaXFGH5Ydv7UVxlqWPaQ6za3Dk=
5,12,yT4fsN+drsthoPS2yI/1BsCzcVY=,epa+meuKoinia4MpZXeqWSxk510=
5,11,yT4fsN+drsthoPS2yI/1BsCzcVY=,fExFSvnOU76VMb8ivm2A1XvJFg0=
6,12,yT4fsN+drsthoPS2yI/1BsCzcVY=,XOK0+AQy+Mam+WpAb/9inYiMlZ0=
6,13,yT4fsN+drsthoPS2yI/1BsCzcVY=,XOK0+AQy+Mam+WpAb/9inYiMlZ0=
6,14,yT4fsN+drsthoPS2yI/1BsCzcVY=,rQoE7iObGmccaKmAiA4Lg79QpuI=
5,14,yT4fsN+drsthoPS2yI/1BsCzcVY=,m6ZEXkC6HEllBBGpRugMoXOSPa8=
5,13,yT4fsN+drsthoPS2yI/1BsCzcVY=,epa+meuKoinia4MpZXeqWSxk510=
7,10,yT4fsN+drsthoPS2yI/1BsCzcVY=,JmaXFGH5Ydv7UVxlqWPaQ6za3Dk=
8,10,yT4fsN+drsthoPS2yI/1BsCzcVY=,mdTg/QOA8slypJZ/khl2/Hu1Ty4=
8,9,yT4fsN+drsthoPS2yI/1BsCzcVY=,e71B0SAnV30mbrvc3U9oqdCjZKU=
8,12,yT4fsN+drsthoPS2yI/1BsCzcVY=,J1Ri2G9XrqFPIgAgHEuhgCkd4ig=
7,13,yT4fsN+drsthoPS2yI/1BsCzcVY=,XOK0+AQy+Mam+WpAb/9inYiMlZ0=
7,14,yT4fsN+drsthoPS2yI/1BsCzcVY=,rQoE7iObGmccaKmAiA4Lg79QpuI=
7,9,yT4fsN+drsthoPS2yI/1BsCzcVY=,1Vc/d4sSWC8ooL38etlr6wLU06k=
8,14,yT4fsN+drsthoPS2yI/1BsCzcVY=,1JkoAXrJ4Uk8TboE3uQsUBRDui0=
7,12,yT4fsN+drsthoPS2yI/1BsCzcVY=,XOK0+AQy+Mam+WpAb/9inYiMlZ0=
8,13,yT4fsN+drsthoPS2yI/1BsCzcVY=,J1Ri2G9XrqFPIgAgHEuhgCkd4ig=
8,11,yT4fsN+drsthoPS2yI/1BsCzcVY=,mdTg/QOA8slypJZ/khl2/Hu1Ty4=
7,11,yT4fsN+drsthoPS2yI/1BsCzcVY=,JmaXFGH5Ydv7UVxlqWPaQ6za3Dk=
8,7,8Ze66YC+tayvm0uqg2gy2jCemyM=,oJnkXOFDFHiDEK6IcyCfDERn7Bg=
7,7,8Ze66YC+tayvm0uqg2gy2jCemyM=,VeNGyxfadlpwTl2oVFUEivyVMkU=
7,8,8Ze66YC+tayvm0uqg2gy2jCemyM=,1Vc/d4sSWC8ooL38etlr6wLU06k=
8,8,8Ze66YC+tayvm0uqg2gy2jCemyM=,e71B0SAnV30mbrvc3U9oqdCjZKU=
8,6,8Ze66YC+tayvm0uqg2gy2jCemyM=,oJnkXOFDFHiDEK6IcyCfDERn7Bg=
7,6,8Ze66YC+tayvm0uqg2gy2jCemyM=,VeNGyxfadlpwTl2oVFUEivyVMkU=
7,5,8Ze66YC+tayvm0uqg2gy2jCemyM=,+HwFilP0Ml+pJVSy93GKEeEAy5A=
8,5,8Ze66YC+tayvm0uqg2gy2jCemyM=,4DnH0PKLXoaHw24jKgmrm1mC4mY=
7,4,8Ze66YC+tayvm0uqg2gy2jCemyM=,+HwFilP0Ml+pJVSy93GKEeEAy5A=
7,3,8Ze66YC+tayvm0uqg2gy2jCemyM=,GcpwCachibDQ8IvNP6pp2S/4lHo=
8,3,8Ze66YC+tayvm0uqg2gy2jCemyM=,eQtXssQfA1+g13QmCTxA/WnQ/4g=
8,2,8Ze66YC+tayvm0uqg2gy2jCemyM=,eQtXssQfA1+g13QmCTxA/WnQ/4g=
8,4,8Ze66YC+tayvm0uqg2gy2jCemyM=,4DnH0PKLXoaHw24jKgmrm1mC4mY=
7,1,8Ze66YC+tayvm0uqg2gy2jCemyM=,ZLJvm1MrM8u9UDgP52CvEXQU0EA=
8,1,8Ze66YC+tayvm0uqg2gy2jCemyM=,wLwkQlwk0/bQJ9tVsZ5Yb8O2WF4=
7,2,8Ze66YC+tayvm0uqg2gy2jCemyM=,GcpwCachibDQ8IvNP6pp2S/4lHo=
10,5,8Ze66YC+tayvm0uqg2gy2jCemyM=,ZHKC1IlZcMdg11NBNAE3f3XcGD0=
9,5,8Ze66YC+tayvm0uqg2gy2jCemyM=,4DnH0PKLXoaHw24jKgmrm1mC4mY=
10,4,8Ze66YC+tayvm0uqg2gy2jCemyM=,ZHKC1IlZcMdg11NBNAE3f3XcGD0=
10,6,8Ze66YC+tayvm0uqg2gy2jCemyM=,EvXa7mUOpRfM+cZzUAIYYjt4j+0=
9,3,8Ze66YC+tayvm0uqg2gy2jCemyM=,eQtXssQfA1+g13QmCTxA/WnQ/4g=
9,4,8Ze66YC+tayvm0uqg2gy2jCemyM=,4DnH0PKLXoaHw24jKgmrm1mC4mY=
10,3,8Ze66YC+tayvm0uqg2gy2jCemyM=,J3GQKEpyYzFsbwS76FhbLNtX+jM=
9,6,8Ze66YC+tayvm0uqg2gy2jCemyM=,oJnkXOFDFHiDEK6IcyCfDERn7Bg=
10,1,8Ze66YC+tayvm0uqg2gy2jCemyM=,fjb0KUIrKTgsIKWMyJlLjFWPKvM=
9,1,8Ze66YC+tayvm0uqg2gy2jCemyM=,wLwkQlwk0/bQJ9tVsZ5Yb8O2WF4=
10,2,8Ze66YC+tayvm0uqg2gy2jCemyM=,J3GQKEpyYzFsbwS76FhbLNtX+jM=
9,2,8Ze66YC+tayvm0uqg2gy2jCemyM=,eQtXssQfA1+g13QmCTxA/WnQ/4g=
9,7,8Ze66YC+tayvm0uqg2gy2jCemyM=,oJnkXOFDFHiDEK6IcyCfDERn7Bg=
10,7,8Ze66YC+tayvm0uqg2gy2jCemyM=,EvXa7mUOpRfM+cZzUAIYYjt4j+0=
9,8,8Ze66YC+tayvm0uqg2gy2jCemyM=,e71B0SAnV30mbrvc3U9oqdCjZKU=
10,8,8Ze66YC+tayvm0uqg2gy2jCemyM=,o+4Hf2iKQhSii1wQkEgUKWumaiw=
9,9,8Ze66YC+tayvm0uqg2gy2jCemyM=,e71B0SAnV30mbrvc3U9oqdCjZKU=
10,9,8Ze66YC+tayvm0uqg2gy2jCemyM=,o+4Hf2iKQhSii1wQkEgUKWumaiw=
10,10,8Ze66YC+tayvm0uqg2gy2jCemyM=,he238y7zrABS24KPLoABoFBTsm8=
10,12,8Ze66YC+tayvm0uqg2gy2jCemyM=,JvwqupLBfp511D5TaK9AaPuehQc=
9,10,8Ze66YC+tayvm0uqg2gy2jCemyM=,mdTg/QOA8slypJZ/khl2/Hu1Ty4=
9,12,8Ze66YC+tayvm0uqg2gy2jCemyM=,J1Ri2G9XrqFPIgAgHEuhgCkd4ig=
10,11,8Ze66YC+tayvm0uqg2gy2jCemyM=,he238y7zrABS24KPLoABoFBTsm8=
9,11,8Ze66YC+tayvm0uqg2gy2jCemyM=,mdTg/QOA8slypJZ/khl2/Hu1Ty4=
9,13,8Ze66YC+tayvm0uqg2gy2jCemyM=,J1Ri2G9XrqFPIgAgHEuhgCkd4ig=
10,13,8Ze66YC+tayvm0uqg2gy2jCemyM=,JvwqupLBfp511D5TaK9AaPuehQc=
10,14,8Ze66YC+tayvm0uqg2gy2jCemyM=,ZYBAahFFaVaCyR/KVcNbr/0DXtY=
9,14,8Ze66YC+tayvm0uqg2gy2jCemyM=,1JkoAXrJ4Uk8TboE3uQsUBRDui0=
11,9,4d5frL87kVB9Hs+tCNBhP0njdAs=,o+4Hf2iKQhSii1wQkEgUKWumaiw=
11,12,4d5frL87kVB9Hs+tCNBhP0njdAs=,JvwqupLBfp511D5TaK9AaPuehQc=
12,9,4d5frL87kVB9Hs+tCNBhP0njdAs=,I5zzoSsk7UIZvmRgxiBWuFoW988=
11,10,4d5frL87kVB9Hs+tCNBhP0njdAs=,he238y7zrABS24KPLoABoFBTsm8=
12,11,4d5frL87kVB9Hs+tCNBhP0njdAs=,3Xt4FEu5K9YuRNfApAMZXQF5U7Y=
12,10,4d5frL87kVB9Hs+tCNBhP0njdAs=,3Xt4FEu5K9YuRNfApAMZXQF5U7Y=
11,11,4d5frL87kVB9Hs+tCNBhP0njdAs=,he238y7zrABS24KPLoABoFBTsm8=
12,12,4d5frL87kVB9Hs+tCNBhP0njdAs=,Og3sEEaD+gG+0yibdG2JvrrSGaE=
12,13,4d5frL87kVB9Hs+tCNBhP0njdAs=,Og3sEEaD+gG+0yibdG2JvrrSGaE=
11,13,4d5frL87kVB9Hs+tCNBhP0njdAs=,JvwqupLBfp511D5TaK9AaPuehQc=
11,14,4d5frL87kVB9Hs+tCNBhP0njdAs=,ZYBAahFFaVaCyR/KVcNbr/0DXtY=
12,14,4d5frL87kVB9Hs+tCNBhP0njdAs=,Wh5yhiFC6EjD7/u8rUTrMw4QDJU=
12,7,4d5frL87kVB9Hs+tCNBhP0njdAs=,Fb4iIvIXHGkvg4d1VpKRxq2u6s0=
11,8,4d5frL87kVB9Hs+tCNBhP0njdAs=,o+4Hf2iKQhSii1wQkEgUKWumaiw=
11,7,4d5frL87kVB9Hs+tCNBhP0njdAs=,EvXa7mUOpRfM+cZzUAIYYjt4j+0=
12,8,4d5frL87kVB9Hs+tCNBhP0njdAs=,I5zzoSsk7UIZvmRgxiBWuFoW988=
12,3,4d5frL87kVB9Hs+tCNBhP0njdAs=,DBe0b1KtvdUIie8zQhMl8zokH1I=
11,4,4d5frL87kVB9Hs+tCNBhP0njdAs=,ZHKC1IlZcMdg11NBNAE3f3XcGD0=
11,3,4d5frL87kVB9Hs+tCNBhP0njdAs=,J3GQKEpyYzFsbwS76FhbLNtX+jM=
11,5,4d5frL87kVB9Hs+tCNBhP0njdAs=,ZHKC1IlZcMdg11NBNAE3f3XcGD0=
12,5,4d5frL87kVB9Hs+tCNBhP0njdAs=,YlHy70tLV7tmjzO+ml7C/IKq6WU=
12,4,4d5frL87kVB9Hs+tCNBhP0njdAs=,YlHy70tLV7tmjzO+ml7C/IKq6WU=
12,6,4d5frL87kVB9Hs+tCNBhP0njdAs=,Fb4iIvIXHGkvg4d1VpKRxq2u6s0=
11,6,4d5frL87kVB9Hs+tCNBhP0njdAs=,EvXa7mUOpRfM+cZzUAIYYjt4j+0=
12,2,4d5frL87kVB9Hs+tCNBhP0njdAs=,DBe0b1KtvdUIie8zQhMl8zokH1I=
11,2,4d5frL87kVB9Hs+tCNBhP0njdAs=,J3GQKEpyYzFsbwS76FhbLNtX+jM=
12,1,4d5frL87kVB9Hs+tCNBhP0njdAs=,cQJDHI3lmOXpRZ4iNLJXydUymA4=
11,1,4d5frL87kVB9Hs+tCNBhP0njdAs=,fjb0KUIrKTgsIKWMyJlLjFWPKvM=
14,5,Ufst6Vc+CHDzmPq9OUXJqQ6S3xI=,Xyjlfd7ytp1m8WSY3P17hhqCuO8=
13,6,Ufst6Vc+CHDzmPq9OUXJqQ6S3xI=,Fb4iIvIXHGkvg4d1VpKRxq2u6s0=
14,3,Ufst6Vc+CHDzmPq9OUXJqQ6S3xI=,PxuldIBh7qK/cMtQJsJ3UEr0fdo=
14,6,Ufst6Vc+CHDzmPq9OUXJqQ6S3xI=,FUgf/7JA0ElHtSAeYLT8PGz/YRY=
13,5,Ufst6Vc+CHDzmPq9OUXJqQ6S3xI=,YlHy70tLV7tmjzO+ml7C/IKq6WU=
13,4,Ufst6Vc+CHDzmPq9OUXJqQ6S3xI=,YlHy70tLV7tmjzO+ml7C/IKq6WU=
13,3,Ufst6Vc+CHDzmPq9OUXJqQ6S3xI=,DBe0b1KtvdUIie8zQhMl8zokH1I=
14,4,Ufst6Vc+CHDzmPq9OUXJqQ6S3xI=,Xyjlfd7ytp1m8WSY3P17hhqCuO8=
14,1,Ufst6Vc+CHDzmPq9OUXJqQ6S3xI=,Z5IQkoPaoHDuO0RGmuubDg2qwS0=
14,2,Ufst6Vc+CHDzmPq9OUXJqQ6S3xI=,PxuldIBh7qK/cMtQJsJ3UEr0fdo=
13,2,Ufst6Vc+CHDzmPq9OUXJqQ6S3xI=,DBe0b1KtvdUIie8zQhMl8zokH1I=
13,1,Ufst6Vc+CHDzmPq9OUXJqQ6S3xI=,cQJDHI3lmOXpRZ4iNLJXydUymA4=
15,13,Ufst6Vc+CHDzmPq9OUXJqQ6S3xI=,25GFeEBDM42I837+EtcrErkrv3s=
15,14,Ufst6Vc+CHDzmPq9OUXJqQ6S3xI=,TmUu0rRQhrT2nD1g54fxexrPp2w=
14,13,Ufst6Vc+CHDzmPq9OUXJqQ6S3xI=,25GFeEBDM42I837+EtcrErkrv3s=
14,14,Ufst6Vc+CHDzmPq9OUXJqQ6S3xI=,TmUu0rRQhrT2nD1g54fxexrPp2w=
13,14,Ufst6Vc+CHDzmPq9OUXJqQ6S3xI=,Wh5yhiFC6EjD7/u8rUTrMw4QDJU=
13,13,Ufst6Vc+CHDzmPq9OUXJqQ6S3xI=,Og3sEEaD+gG+0yibdG2JvrrSGaE=
14,15,Ufst6Vc+CHDzmPq9OUXJqQ6S3xI=,TmUu0rRQhrT2nD1g54fxexrPp2w=
13,15,Ufst6Vc+CHDzmPq9OUXJqQ6S3xI=,Wh5yhiFC6EjD7/u8rUTrMw4QDJU=
12,15,Ufst6Vc+CHDzmPq9OUXJqQ6S3xI=,Wh5yhiFC6EjD7/u8rUTrMw4QDJU=
11,15,Ufst6Vc+CHDzmPq9OUXJqQ6S3xI=,ZYBAahFFaVaCyR/KVcNbr/0DXtY=
14,8,Ufst6Vc+CHDzmPq9OUXJqQ6S3xI=,TgTEXKuqHQVe6UwitTldQZ789Dw=
14,7,Ufst6Vc+CHDzmPq9OUXJqQ6S3xI=,FUgf/7JA0ElHtSAeYLT8PGz/YRY=
13,8,Ufst6Vc+CHDzmPq9OUXJqQ6S3xI=,I5zzoSsk7UIZvmRgxiBWuFoW988=
13,7,Ufst6Vc+CHDzmPq9OUXJqQ6S3xI=,Fb4iIvIXHGkvg4d1VpKRxq2u6s0=
15,9,Ufst6Vc+CHDzmPq9OUXJqQ6S3xI=,TgTEXKuqHQVe6UwitTldQZ789Dw=
13,9,Ufst6Vc+CHDzmPq9OUXJqQ6S3xI=,I5zzoSsk7UIZvmRgxiBWuFoW988=
14,12,Ufst6Vc+CHDzmPq9OUXJqQ6S3xI=,25GFeEBDM42I837+EtcrErkrv3s=
15,12,Ufst6Vc+CHDzmPq9OUXJqQ6S3xI=,25GFeEBDM42I837+EtcrErkrv3s=
14,10,Ufst6Vc+CHDzmPq9OUXJqQ6S3xI=,fmdHLUd+BjSouN2n69qivg8mZXA=
9,15,Ufst6Vc+CHDzmPq9OUXJqQ6S3xI=,1JkoAXrJ4Uk8TboE3uQsUBRDui0=
15,10,Ufst6Vc+CHDzmPq9OUXJqQ6S3xI=,fmdHLUd+BjSouN2n69qivg8mZXA=
13,11,Ufst6Vc+CHDzmPq9OUXJqQ6S3xI=,3Xt4FEu5K9YuRNfApAMZXQF5U7Y=
13,10,Ufst6Vc+CHDzmPq9OUXJqQ6S3xI=,3Xt4FEu5K9YuRNfApAMZXQF5U7Y=
15,11,Ufst6Vc+CHDzmPq9OUXJqQ6S3xI=,fmdHLUd+BjSouN2n69qivg8mZXA=
14,9,Ufst6Vc+CHDzmPq9OUXJqQ6S3xI=,TgTEXKuqHQVe6UwitTldQZ789Dw=
13,12,Ufst6Vc+CHDzmPq9OUXJqQ6S3xI=,Og3sEEaD+gG+0yibdG2JvrrSGaE=
14,11,Ufst6Vc+CHDzmPq9OUXJqQ6S3xI=,fmdHLUd+BjSouN2n69qivg8mZXA=
10,15,Ufst6Vc+CHDzmPq9OUXJqQ6S3xI=,ZYBAahFFaVaCyR/KVcNbr/0DXtY=
7,15,Ufst6Vc+CHDzmPq9OUXJqQ6S3xI=,rQoE7iObGmccaKmAiA4Lg79QpuI=
5,15,Ufst6Vc+CHDzmPq9OUXJqQ6S3xI=,m6ZEXkC6HEllBBGpRugMoXOSPa8=
6,15,Ufst6Vc+CHDzmPq9OUXJqQ6S3xI=,rQoE7iObGmccaKmAiA4Lg79QpuI=
8,15,Ufst6Vc+CHDzmPq9OUXJqQ6S3xI=,1JkoAXrJ4Uk8TboE3uQsUBRDui0=
3,15,Ufst6Vc+CHDzmPq9OUXJqQ6S3xI=,wKg0WOr2yLk9TWF9CCNzBqv2w0g=
2,15,Ufst6Vc+CHDzmPq9OUXJqQ6S3xI=,wKg0WOr2yLk9TWF9CCNzBqv2w0g=
1,15,Ufst6Vc+CHDzmPq9OUXJqQ6S3xI=,xyuaMoJKuROCbgbr2G/gsiEYG1I=
4,15,Ufst6Vc+CHDzmPq9OUXJqQ6S3xI=,m6ZEXkC6HEllBBGpRugMoXOSPa8=
0,13,Ufst6Vc+CHDzmPq9OUXJqQ6S3xI=,tjLwMFMNoTwhreIngHXtDNIXW/8=
0,14,Ufst6Vc+CHDzmPq9OUXJqQ6S3xI=,xyuaMoJKuROCbgbr2G/gsiEYG1I=
0,12,Ufst6Vc+CHDzmPq9OUXJqQ6S3xI=,tjLwMFMNoTwhreIngHXtDNIXW/8=
0,11,Ufst6Vc+CHDzmPq9OUXJqQ6S3xI=,3I/qHaT+/XzAI/X0qqPAhcwU32k=
0,10,Ufst6Vc+CHDzmPq9OUXJqQ6S3xI=,3I/qHaT+/XzAI/X0qqPAhcwU32k=
0,9,Ufst6Vc+CHDzmPq9OUXJqQ6S3xI=,p8FH7r3X50eEglz/wHyUFWrvtfI=
0,8,Ufst6Vc+CHDzmPq9OUXJqQ6S3xI=,p8FH7r3X50eEglz/wHyUFWrvtfI=
0,7,Ufst6Vc+CHDzmPq9OUXJqQ6S3xI=,eIqJHdliQuBVQz9hhb6sUZxRo8Y=
0,6,Ufst6Vc+CHDzmPq9OUXJqQ6S3xI=,eIqJHdliQuBVQz9hhb6sUZxRo8Y=
0,5,Ufst6Vc+CHDzmPq9OUXJqQ6S3xI=,NIiXmVYju5bZpHIXS+4ETJX9+f8=
0,3,Ufst6Vc+CHDzmPq9OUXJqQ6S3xI=,TtVNckNC5OpHFzKHHlHLtFRhMuQ=
0,4,Ufst6Vc+CHDzmPq9OUXJqQ6S3xI=,NIiXmVYju5bZpHIXS+4ETJX9+f8=
0,2,Ufst6Vc+CHDzmPq9OUXJqQ6S3xI=,TtVNckNC5OpHFzKHHlHLtFRhMuQ=
0,1,Ufst6Vc+CHDzmPq9OUXJqQ6S3xI=,5jsQ7ZE0NqgM+KqUZ3JcrgW/ymk=
0,0,Ufst6Vc+CHDzmPq9OUXJqQ6S3xI=,5jsQ7ZE0NqgM+KqUZ3JcrgW/ymk=
1,0,Ufst6Vc+CHDzmPq9OUXJqQ6S3xI=,5jsQ7ZE0NqgM+KqUZ3JcrgW/ymk=
4,0,Ufst6Vc+CHDzmPq9OUXJqQ6S3xI=,de5ZW0QaPdOO+3CaK5YkIwUhoK0=
2,0,Ufst6Vc+CHDzmPq9OUXJqQ6S3xI=,Svmm6nKvuDqMOq74OQeDjBQL4Co=
3,0,Ufst6Vc+CHDzmPq9OUXJqQ6S3xI=,Svmm6nKvuDqMOq74OQeDjBQL4Co=
10,0,Ufst6Vc+CHDzmPq9OUXJqQ6S3xI=,fjb0KUIrKTgsIKWMyJlLjFWPKvM=
15,8,Ufst6Vc+CHDzmPq9OUXJqQ6S3xI=,TgTEXKuqHQVe6UwitTldQZ789Dw=
12,0,Ufst6Vc+CHDzmPq9OUXJqQ6S3xI=,cQJDHI3lmOXpRZ4iNLJXydUymA4=
14,0,Ufst6Vc+CHDzmPq9OUXJqQ6S3xI=,Z5IQkoPaoHDuO0RGmuubDg2qwS0=
15,7,Ufst6Vc+CHDzmPq9OUXJqQ6S3xI=,FUgf/7JA0ElHtSAeYLT8PGz/YRY=
13,0,Ufst6Vc+CHDzmPq9OUXJqQ6S3xI=,cQJDHI3lmOXpRZ4iNLJXydUymA4=
11,0,Ufst6Vc+CHDzmPq9OUXJqQ6S3xI=,fjb0KUIrKTgsIKWMyJlLjFWPKvM=
9,0,Ufst6Vc+CHDzmPq9OUXJqQ6S3xI=,wLwkQlwk0/bQJ9tVsZ5Yb8O2WF4=
15,15,Ufst6Vc+CHDzmPq9OUXJqQ6S3xI=,TmUu0rRQhrT2nD1g54fxexrPp2w=
6,0,Ufst6Vc+CHDzmPq9OUXJqQ6S3xI=,ZLJvm1MrM8u9UDgP52CvEXQU0EA=
7,0,Ufst6Vc+CHDzmPq9OUXJqQ6S3xI=,ZLJvm1MrM8u9UDgP52CvEXQU0EA=
8,0,Ufst6Vc+CHDzmPq9OUXJqQ6S3xI=,wLwkQlwk0/bQJ9tVsZ5Yb8O2WF4=
15,1,Ufst6Vc+CHDzmPq9OUXJqQ6S3xI=,Z5IQkoPaoHDuO0RGmuubDg2qwS0=
0,15,Ufst6Vc+CHDzmPq9OUXJqQ6S3xI=,xyuaMoJKuROCbgbr2G/gsiEYG1I=
5,0,Ufst6Vc+CHDzmPq9OUXJqQ6S3xI=,de5ZW0QaPdOO+3CaK5YkIwUhoK0=
15,2,Ufst6Vc+CHDzmPq9OUXJqQ6S3xI=,PxuldIBh7qK/cMtQJsJ3UEr0fdo=
15,0,Ufst6Vc+CHDzmPq9OUXJqQ6S3xI=,Z5IQkoPaoHDuO0RGmuubDg2qwS0=
15,5,Ufst6Vc+CHDzmPq9OUXJqQ6S3xI=,Xyjlfd7ytp1m8WSY3P17hhqCuO8=
15,4,Ufst6Vc+CHDzmPq9OUXJqQ6S3xI=,Xyjlfd7ytp1m8WSY3P17hhqCuO8=
15,6,Ufst6Vc+CHDzmPq9OUXJqQ6S3xI=,FUgf/7JA0ElHtSAeYLT8PGz/YRY=
15,3,Ufst6Vc+CHDzmPq9OUXJqQ6S3xI=,PxuldIBh7qK/cMtQJsJ3UEr0fdo=
11,16,Ufst6Vc+CHDzmPq9OUXJqQ6S3xI=,fnD95LZoNSAr0NYVSl9bCljbgGQ=
11,17,Ufst6Vc+CHDzmPq9OUXJqQ6S3xI=,fnD95LZoNSAr0NYVSl9bCljbgGQ=
14,16,Ufst6Vc+CHDzmPq9OUXJqQ6S3xI=,QixI7u1HV1t9Ume/ix4dR0Ve5vk=
14,17,Ufst6Vc+CHDzmPq9OUXJqQ6S3xI=,QixI7u1HV1t9Ume/ix4dR0Ve5vk=
12,17,Ufst6Vc+CHDzmPq9OUXJqQ6S3xI=,DCj12i2fp2zsV63+TzDvT0JG6OE=
13,17,Ufst6Vc+CHDzmPq9OUXJqQ6S3xI=,DCj12i2fp2zsV63+TzDvT0JG6OE=
12,16,Ufst6Vc+CHDzmPq9OUXJqQ6S3xI=,DCj12i2fp2zsV63+TzDvT0JG6OE=
13,16,Ufst6Vc+CHDzmPq9OUXJqQ6S3xI=,DCj12i2fp2zsV63+TzDvT0JG6OE=
9,16,Ufst6Vc+CHDzmPq9OUXJqQ6S3xI=,qPN2DSIRRJifl4gH6b+UVhu0CNU=
10,17,Ufst6Vc+CHDzmPq9OUXJqQ6S3xI=,fnD95LZoNSAr0NYVSl9bCljbgGQ=
9,17,Ufst6Vc+CHDzmPq9OUXJqQ6S3xI=,qPN2DSIRRJifl4gH6b+UVhu0CNU=
10,16,Ufst6Vc+CHDzmPq9OUXJqQ6S3xI=,fnD95LZoNSAr0NYVSl9bCljbgGQ=
8,17,Ufst6Vc+CHDzmPq9OUXJqQ6S3xI=,qPN2DSIRRJifl4gH6b+UVhu0CNU=
7,17,Ufst6Vc+CHDzmPq9OUXJqQ6S3xI=,he8kmzcctlOulIBtvW5lI8HPbvc=
7,16,Ufst6Vc+CHDzmPq9OUXJqQ6S3xI=,he8kmzcctlOulIBtvW5lI8HPbvc=
8,16,Ufst6Vc+CHDzmPq9OUXJqQ6S3xI=,qPN2DSIRRJifl4gH6b+UVhu0CNU=
5,17,Ufst6Vc+CHDzmPq9OUXJqQ6S3xI=,QNvNcfMCeQdZXuzPHwYTrmah924=
6,17,Ufst6Vc+CHDzmPq9OUXJqQ6S3xI=,he8kmzcctlOulIBtvW5lI8HPbvc=
3,17,Ufst6Vc+CHDzmPq9OUXJqQ6S3xI=,yCEqM+XglDDSNjLH8m2BWQdNiN8=
4,17,Ufst6Vc+CHDzmPq9OUXJqQ6S3xI=,QNvNcfMCeQdZXuzPHwYTrmah924=
15,17,Ufst6Vc+CHDzmPq9OUXJqQ6S3xI=,QixI7u1HV1t9Ume/ix4dR0Ve5vk=
15,16,Ufst6Vc+CHDzmPq9OUXJqQ6S3xI=,QixI7u1HV1t9Ume/ix4dR0Ve5vk=
3,16,Ufst6Vc+CHDzmPq9OUXJqQ6S3xI=,yCEqM+XglDDSNjLH8m2BWQdNiN8=
0,17,Ufst6Vc+CHDzmPq9OUXJqQ6S3xI=,p5UQDtR+aO85LhtrnW75HLa/y0k=
4,16,Ufst6Vc+CHDzmPq9OUXJqQ6S3xI=,QNvNcfMCeQdZXuzPHwYTrmah924=
1,17,Ufst6Vc+CHDzmPq9OUXJqQ6S3xI=,p5UQDtR+aO85LhtrnW75HLa/y0k=
6,16,Ufst6Vc+CHDzmPq9OUXJqQ6S3xI=,he8kmzcctlOulIBtvW5lI8HPbvc=
5,16,Ufst6Vc+CHDzmPq9OUXJqQ6S3xI=,QNvNcfMCeQdZXuzPHwYTrmah924=
2,17,Ufst6Vc+CHDzmPq9OUXJqQ6S3xI=,yCEqM+XglDDSNjLH8m2BWQdNiN8=
2,16,Ufst6Vc+CHDzmPq9OUXJqQ6S3xI=,yCEqM+XglDDSNjLH8m2BWQdNiN8=
1,16,Ufst6Vc+CHDzmPq9OUXJqQ6S3xI=,p5UQDtR+aO85LhtrnW75HLa/y0k=
0,16,Ufst6Vc+CHDzmPq9OUXJqQ6S3xI=,p5UQDtR+aO85LhtrnW75HLa/y0k=
17,4,xhBIrHMMec08TScO6EdhiCqwDsU=,zifhjJidsA0OFaxyykc7zanD+7o=
16,4,xhBIrHMMec08TScO6EdhiCqwDsU=,zifhjJidsA0OFaxyykc7zanD+7o=
17,3,xhBIrHMMec08TScO6EdhiCqwDsU=,dFbHMLQdOhh1/BDEZEvdPCLAJaI=
16,3,xhBIrHMMec08TScO6EdhiCqwDsU=,dFbHMLQdOhh1/BDEZEvdPCLAJaI=
17,5,xhBIrHMMec08TScO6EdhiCqwDsU=,zifhjJidsA0OFaxyykc7zanD+7o=
16,5,xhBIrHMMec08TScO6EdhiCqwDsU=,zifhjJidsA0OFaxyykc7zanD+7o=
17,0,xhBIrHMMec08TScO6EdhiCqwDsU=,3ZHUp1FwPBnE/wUUdm5TfVmHbK8=
17,1,xhBIrHMMec08TScO6EdhiCqwDsU=,3ZHUp1FwPBnE/wUUdm5TfVmHbK8=
17,2,xhBIrHMMec08TScO6EdhiCqwDsU=,dFbHMLQdOhh1/BDEZEvdPCLAJaI=
16,0,xhBIrHMMec08TScO6EdhiCqwDsU=,3ZHUp1FwPBnE/wUUdm5TfVmHbK8=
16,1,xhBIrHMMec08TScO6EdhiCqwDsU=,3ZHUp1FwPBnE/wUUdm5TfVmHbK8=
16,2,xhBIrHMMec08TScO6EdhiCqwDsU=,dFbHMLQdOhh1/BDEZEvdPCLAJaI=
